ycz,ndo,17
snt,pry,42
iqy,ndz,14
jac,hpy,39
bkr,cir,23
rlt,mnn,14
bxv,chx,12
pml,ctj,19
txg,lwr,10
oel,clm,40
eiu,phy,33
pcb,quw,30
bcd,fjl,41
nup,cpp,29
luu,wxd,14
cez,bsu,48
dqw,uxj,20
nxy,bnl,23
sbn,eua,5
jos,osl,2
boi,ntl,34
rjg,kbm,38
rnl,xed,16
qxp,pbf,46
sdz,dou,48
utv,zym,44
ryu,fii,49
fyy,fkp,29
avg,qoj,22
tgl,tmd,22
day,ldn,11
msu,zbl,14
kte,yae,28
wsz,wse,34
tar,zfd,33
lqa,fri,12
ixb,lrr,47
iag,akn,26
bsi,qxh,6
vut,pjl,16
kaz,vdl,24
kql,qqc,8
ymv,ozu,5
fnw,yof,48
dce,tcq,14
jrg,obb,39
wfp,byn,3
yvn,geh,41
txn,mlh,36
rgk,goe,5
unt,ghx,30
dfa,rza,4
hrv,kfc,7
ipt,xhu,45
qhy,rou,13
gwa,ats,33
git,plh,40
prq,xeh,8
zcs,ana,24
muc,yss,48
hnp,ouf,30
ufw,dyw,34
vhj,akl,5
oxe,ekz,26
uwv,pdx,6
etg,mpy,1
ipf,bgk,48
gik,apk,11
uhx,erj,6
rec,xnc,42
djp,kde,8
vbs,keu,22
hwm,cdv,43
lsv,oxf,10
sww,ecr,37
nbb,nfa,17
isu,sup,13
gzb,eox,31
pkb,ktl,21
trx,kap,9
cad,acg,13
pzg,zpd,40
tgj,mce,42
gfp,qqg,21
tea,dxo,29
rfs,tea,14
zas,tje,12
grt,swy,28
zhy,pvd,29
fzj,fak,23
qxu,btc,19
oqp,tzd,38
agu,wzm,32
umn,bfm,23
avl,srh,32
usn,nvb,15
wbr,xcx,32
byb,ixe,49
jus,ifo,29
jpj,lcs,25
yvu,qdl,4
rdj,hju,20
tro,ied,38
eaw,asx,31
pbb,aux,44
caq,klt,22
xhu,phy,39
hic,aal,28
oif,qxf,16
uwb,bpg,4
als,tyd,1
oow,djy,36
zot,nas,6
mec,nof,15
zkx,jmx,3
kjk,trc,34
dyx,gob,9
zyc,pzz,11
rpj,tnl,34
yov,wix,43
dhz,jbn,47
gop,odu,24
rdw,nvj,48
bsi,evs,5
qrp,lhh,5
loa,qbe,17
wyn,btr,44
dha,ifz,29
tlx,hlm,46
xzk,rcd,32
fcg,ojm,45
kcv,ohy,35
fno,pot,31
vte,skc,16
swj,wkx,41
eyd,qtl,24
jah,sut,46
iai,usw,10
ajf,rvs,17
knf,qwd,11
jof,kev,6
xes,hhd,39
vhr,kgk,34
yhb,pbw,29
arn,cck,33
hwf,fxf,10
pub,xnx,35
yyb,bwk,37
avp,fgn,45
zmr,bqr,29
lgy,dgo,4
ede,hrd,15
unz,jxs,1
chb,upy,4
kzm,mdq,17
odi,vsy,38
vip,dww,32
sdp,eia,32
xty,iry,12
hix,uwl,37
syl,djl,20
szn,wrg,30
uhr,rcj,3
sch,olw,10
gyc,wmn,14
ehm,qyw,36
qpv,qix,20
dwj,dtu,41
ezz,fsl,26
vmn,hie,29
cql,fto,22
xar,hjv,33
wfi,jhy,24
era,stn,36
spy,exo,40
vps,hij,9
zrk,xto,19
iaw,nww,47
hkg,jjc,22
umq,koe,32
gib,jvz,37
eer,xyt,7
kcz,ofo,33
ixc,fjc,16
osa,djr,14
wzj,ley,6
dcv,zkx,1
gxc,ovv,6
hcz,dqn,26
fru,ssf,30
qcg,dth,31
rzk,tss,11
kfl,xst,5
iwq,grl,30
rhi,noy,18
ayh,ahd,36
xks,fyj,29
aeq,rws,35
hwf,zik,21
ogm,das,30
xmu,qwr,44
cpg,odd,25
ynh,ntn,48
han,evf,45
pua,oua,44
inq,bzf,22
fai,hhi,27
wwu,vco,11
jru,thh,17
qbu,ttu,9
nfo,txq,25
len,xhq,46
rve,qyx,34
fqz,wvg,8
bwy,uug,17
oue,lhf,42
xgg,coy,28
dbx,brw,9
ldy,kfr,15
qqy,qno,16
fvi,mwl,10
hry,ynz,23
zbf,hjs,30
ydt,lkj,36
xdo,shj,37
hhn,xyz,9
ffq,zoi,7
ybj,skb,33
frm,dhh,4
ogf,vrg,33
dfy,rij,41
wlr,evt,46
gff,efv,10
wjt,npm,36
gyd,ptj,29
voo,vgy,46
mvg,vsz,45
vxl,oor,49
jum,kef,35
dfb,thd,2
ggz,wsc,34
sxd,qwl,49
oqi,bku,48
pwt,zbt,23
mnv,vpd,18
psb,wjt,44
gcd,olo,26
dtu,tia,35
gmj,rbx,24
xsr,zkb,46
uwk,qdc,18
log,xum,32
wqb,fsu,45
sky,qja,38
bdp,wac,11
aiw,lkx,8
kwo,slr,17
yvx,gdr,10
qzj,pfn,5
xtr,lxn,45
auj,ith,34
bpf,sfu,18
yzh,fdh,10
hkj,mgg,47
tnh,zte,40
kyd,dnu,6
hkb,tmn,9
sid,gxa,19
pak,thc,21
lai,peo,26
wxi,emt,28
wdx,oif,45
mye,ltq,1
jqo,xwe,7
sti,wjm,4
kqv,gkq,18
tmg,ytd,7
rnr,egj,14
rgy,cqy,49
ztf,ckc,8
kjp,bya,37
geh,hhu,13
cdm,ylx,8
cye,nui,42
jce,rui,1
qax,tdw,49
psw,kbv,12
tzm,cko,27
pah,teh,16
iiy,sph,28
ykk,yjg,37
pkb,liy,32
lqk,aty,29
wum,dml,19
ctg,cvc,10
aws,mqr,6
ssl,nvj,1
okb,rip,9
izc,hbf,44
ucu,tem,48
muy,dxl,42
jhy,uit,34
qtl,ygs,11
sjt,lvt,4
dal,hpv,34
lrj,loz,47
btq,ynp,8
ida,tey,14
sll,hlx,40
myv,dna,8
rpl,tff,16
wea,ojg,37
isj,las,46
qdr,heq,28
zal,hio,21
mzp,uym,49
ujr,qnh,29
nfo,bee,36
ssk,kvp,30
wol,vqn,35
ion,dal,33
wip,stn,4
xqc,nnp,44
tor,unp,49
buf,egk,24
nev,uig,5
ybu,sik,42
jjs,thj,38
bsm,vac,34
gti,klu,40
cgi,ctl,9
use,ttn,46
bhg,uhv,40
vya,beb,28
mbc,ghw,7
hci,xdi,11
izd,oip,36
ruq,ath,35
sup,awq,2
ebi,ibg,38
goi,swu,4
uxc,jjy,17
roj,eab,10
joz,omo,36
riq,anl,21
eaq,ltj,31
ssi,pow,2
vyb,vlj,9
tsl,yra,17
nxr,nqg,15
fyt,keo,45
pow,hud,39
bld,zye,36
bjj,pgm,13
nqo,rrj,31
cyv,pmo,16
gls,bdu,23
ryj,kgi,31
lep,hqe,20
cuo,hri,24
qfx,xct,41
kgu,zld,45
ziu,wni,4
yzh,fah,18
yct,nou,4
pxu,rjv,17
sme,ysa,34
vif,vlg,17
zou,iyh,28
asa,uaa,41
uxc,tez,35
die,jjh,45
qza,dea,27
ttb,xfe,22
ouq,gaa,41
auu,xpm,21
nok,ecf,14
pji,etc,28
xzf,fqj,28
lmk,ilb,33
vvm,khz,8
esb,gux,10
xla,nes,12
mzq,orl,13
jmw,rzo,33
gtq,cfe,19
uxv,puv,12
isg,rqt,48
azc,pdf,20
vso,bna,6
kja,gkz,31
kwq,njd,14
odv,lys,39
eoz,sbs,13
wxe,fab,26
otg,sot,5
www,lyo,13
enh,dtx,20
yap,lrr,44
onh,cui,34
hmg,emd,32
quy,nwh,35
lnv,qkv,18
uzy,vum,26
iqk,igd,39
ljx,fup,6
env,ehi,34
lhn,aod,49
frs,yyn,23
rvh,etd,8
cnp,uwq,5
ofi,yqk,22
irt,psk,40
nbu,kmn,41
som,bne,21
xlv,wil,48
lpc,nbu,43
zob,rav,13
zen,mqi,7
but,scr,33
cjb,buf,2
hai,zfe,1
wdn,omx,39
sth,sgo,31
qzr,wdi,23
ulv,szd,33
bcv,drj,46
aer,nyw,10
mfw,khi,34
gmj,uyq,5
vuq,utg,23
ree,rxz,13
rva,drn,18
ysn,uhu,41
ugo,llu,33
epf,nko,20
vhd,kmy,22
nmu,fal,1
iql,itn,12
lhi,dra,20
dsg,lvc,30
mhv,fgq,17
hxv,kqa,15
amx,cbf,3
jbg,xzl,8
moe,cxc,43
dfx,geh,26
nlk,otu,25
hvi,uvy,42
sai,omn,12
oxt,nqi,24
hcx,hpz,10
fzq,zsm,27
bjt,inv,28
tlw,xpy,7
ibn,gjl,27
zvk,pio,45
rno,vva,3
ezi,pny,43
opm,eyt,31
bvz,twj,15
iet,ugq,15
bnt,wam,35
yyy,hol,32
fxm,uvd,8
fds,vkx,31
moh,caa,21
dia,ggt,39
cyk,soy,5
xok,wqk,49
fel,txg,14
gal,cta,40
lre,rqt,40
ntx,ner,33
ihz,zzi,11
yoe,yso,24
nde,vhy,28
nwm,wkg,8
uxe,jzr,36
oke,jxy,31
gxo,hla,6
kii,wtg,38
pen,qjs,48
dcb,ope,15
fzp,rsq,23
icj,avq,12
yry,rim,5
bjw,ewd,1
obq,slb,11
jsj,qan,48
tfl,szi,47
jnp,ivc,13
wtu,pra,33
zwe,gts,19
ecu,hnh,49
lff,gxa,45
ywc,skl,25
enb,dol,34
jhl,fpq,48
eej,yty,16
bnm,awj,31
chj,yxh,35
fjn,ywq,27
kfk,jvj,49
mzs,cjr,9
adt,rig,48
jno,pwk,31
hgt,hsa,12
yne,crl,4
lkn,opi,5
zeh,hvp,38
urp,how,10
oox,dxw,31
ptz,iov,2
gaj,wtw,10
wur,sms,34
osb,fnn,41
kuu,ors,45
nrq,yij,15
crr,cdi,13
hcp,lcb,4
ovz,rdg,15
rqf,hgc,45
uxa,vzg,35
fyy,ufr,31
abi,clg,27
bor,uya,12
bxo,ces,4
fpu,rcs,22
pic,rjh,44
pnq,yfd,17
vlr,aep,12
zqx,jwo,18
bai,tea,42
wnc,zhp,42
umn,abi,45
wur,lwv,47
oax,xau,43
wsp,rwu,36
mts,hnc,38
zvt,gza,43
ikr,bqf,38
dcv,cdu,49
twi,uox,26
prf,ugj,12
fxx,wun,24
bux,woo,5
ftb,eyr,42
tuf,yoa,25
vwt,fov,18
frd,chb,7
pmf,tgr,18
hev,dux,13
xvd,sfs,47
wos,nto,40
nmz,dfu,9
cis,jko,20
ick,vps,20
mgd,ckt,2
fde,pcl,44
czu,oru,4
idf,utq,3
xrm,kny,17
jro,azr,23
feh,qlb,3
iab,wfi,2
lzb,shi,26
sqw,oeu,3
hun,sdr,30
tdg,kxg,33
tik,dlu,19
jft,mmx,39
wqt,fjd,40
hdo,spo,3
qci,grw,39
tuy,wuk,10
zle,qhj,7
fai,qhw,25
jjc,grs,36
ogf,fmi,3
nwx,zuu,14
wye,hoe,34
tip,tmn,8
kvn,nwy,5
rfs,wjs,11
pls,fef,21
ghk,xtn,33
rxb,yzx,24
dkd,zxn,37
yeu,dgj,7
pmo,etb,17
dwl,kok,14
qrf,sig,41
ibt,rfx,29
gtt,yci,25
yir,dlx,7
gzx,nyy,47
ysn,ywx,22
lnp,dul,27
wie,uff,6
gkl,joe,38
jwl,gwj,13
qik,dln,2
eww,dkp,6
nhl,ven,22
yhy,wpg,5
jlp,taw,6
gmd,xhp,22
biw,pdh,36
lhy,zqq,43
nld,npn,30
qdk,ejp,15
ncf,giu,36
qid,ywz,5
oad,dyg,36
buz,ofs,32
kow,vpe,23
umh,jnw,37
trk,lst,29
syl,lvb,45
ydy,cnn,32
tnk,mbh,42
qww,wjb,10
lrz,ndy,12
lbr,yot,22
mkf,tqk,23
bjd,yot,19
kyn,ftx,3
zrz,nrg,31
aeb,wzm,1
vzi,qku,8
phf,zyi,20
ggt,kym,25
jwt,ktc,46
hjv,vsk,35
xrr,rkw,13
zrt,ods,40
gvl,qus,31
hcl,isa,19
yia,uwd,46
xai,ogn,28
igf,wpq,34
ofy,puf,11
znw,igk,8
nmv,eec,14
zwm,cmi,27
mjt,glj,14
ejy,ixh,25
prs,qjx,6
sbk,gql,3
frv,ycl,28
wfl,daq,45
uoz,wgp,43
yei,cep,41
nsm,wnf,29
wem,tev,24
nun,non,17
hzl,kco,20
crq,oyy,2
cnd,dlu,31
kvm,eox,13
ulh,czg,13
hex,bgp,12
znp,rum,8
aqb,gpn,16
wai,ogq,13
pms,yvi,11
frq,yma,30
tvn,tkf,4
rii,tne,5
zcq,xxx,15
csq,uxg,47
toh,yea,17
rjd,pmz,26
pje,eis,44
fly,zls,4
jtd,usi,16
sdv,azn,6
bkk,evp,17
jzm,ihz,25
xvl,utw,8
jre,jma,11
yxt,ubo,10
pgy,cuj,21
eus,qab,39
tcs,toc,48
pkq,ovl,35
tmd,ftd,48
zhu,olm,45
wpk,lzu,32
vuw,jon,19
msb,mez,15
fip,ajt,43
lqz,afv,28
ypy,xop,31
hsu,vla,27
ilx,yls,9
rvo,ase,35
fsr,myy,23
rsf,dyp,17
pyo,xqx,8
qqk,dtf,41
onm,dpd,40
uzd,ofy,15
dyx,kbi,10
dbf,nno,35
nhy,ylj,2
mer,uro,5
lnz,pfe,34
bbb,bjx,25
grx,phf,41
csf,xme,1
luf,zbv,38
uam,rpn,1
psp,pwc,19
evj,ihv,1
qcd,ppl,12
wkb,bwn,2
lox,eip,36
roz,uwr,25
hcq,tzy,48
toz,phr,35
jvp,jdu,48
pde,jyt,20
psm,bhi,48
hxp,iqf,5
xgf,jbi,14
qdy,bxq,15
pfk,hbc,35
kno,zhf,18
tqu,ssg,20
sus,asv,3
btg,cxw,39
ffx,mht,5
jny,oeg,44
npt,oki,35
hkk,bgk,36
joe,zxg,30
yzn,ybc,28
kvv,hou,17
rxm,wwl,4
enx,ule,21
fyz,bji,17
ore,ezr,36
yrz,bqy,1
atj,kfr,47
yow,kah,31
rsg,sol,3
hlg,opt,39
oom,lcz,32
jka,nxx,48
hbv,tkb,17
vyy,xpr,23
dnp,jfg,26
dtk,vhv,36
kpn,rai,6
dmp,tle,34
vab,aqo,26
eos,opm,4
hov,bhc,24
kcz,otc,33
tvu,sem,33
gqc,xud,25
ejo,frq,31
aix,vtk,35
oyj,dkw,35
ecb,omi,26
bkb,lqt,5
lxu,dao,24
buz,uqg,21
onm,fyl,14
pww,ifd,14
ydl,gvh,19
rjy,ixg,22
rxm,xdq,34
reb,hgp,36
dzv,eeg,27
znn,vkp,34
mqw,nki,8
ohg,xnw,18
ofq,psd,23
azi,tuh,24
agc,mhn,29
jdz,rci,49
vhe,poo,4
wjk,aar,23
jji,fga,46
wwi,jkj,2
ppx,hyt,14
ron,zkb,14
xwg,xoa,10
lrr,xmf,7
uhd,zaj,33
tnm,fww,12
aco,arx,7
ems,pdt,6
npj,gkr,35
qjt,pun,26
mlo,vay,14
njj,tye,2
jgd,sjw,38
wcn,nwj,46
zph,urn,6
aog,nug,36
uzq,suq,26
ayj,vmt,18
wuu,jdq,45
sie,qdi,37
npn,vgt,12
ccy,cxb,44
wtx,eol,12
xwq,tjw,14
hkd,ebc,26
cto,iev,47
lio,msr,35
epd,nnu,13
xzd,spa,7
seg,jfo,10
ila,riu,9
lgq,dfe,29
xzo,ksc,34
yhp,ocd,35
bpf,zfu,23
upc,abs,5
dqt,aqp,2
rkz,bnu,46
qpm,eur,12
vil,btv,18
rwt,pni,27
zph,obq,5
jmb,tps,45
fxs,wcx,11
jfy,ouj,20
het,llo,37
cgq,bns,4
onw,wgz,36
lor,upw,4
qwn,umu,16
ekx,gjv,18
ndr,qdq,39
sry,smh,34
acn,dsb,7
xyw,ydk,49
nem,pnx,39
rhv,veq,24
hto,tah,20
zxo,juk,48
bqo,mop,27
qnn,zzo,45
jpn,nhp,42
dek,wem,25
luy,fqg,18
fri,vsy,17
cqd,hdj,3
pte,blx,10
qge,vsh,19
idf,trx,49
qoa,atb,43
zva,svu,45
rsx,zvi,7
bzq,vrv,49
szt,qwh,31
jak,chm,5
bse,usj,20
dcr,dnc,16
rve,dcf,9
otm,xcd,25
flo,qwj,8
soh,jbx,1
ntu,vbo,9
wbw,jxr,9
zpv,vyc,21
jox,lmg,17
yxu,gmh,48
oji,zro,31
yhx,avu,25
goj,duj,10
kqz,idb,47
ebw,oof,4
nfq,riz,27
tuv,hqa,14
tqa,mqj,23
stg,otl,43
nuj,jmu,1
wrm,tqi,17
tho,scn,40
yor,psw,12
sdf,hei,9
ssl,cnu,17
ybb,qbn,31
urh,zbr,40
idh,lmr,19
zyo,inp,12
vxd,gsm,5
uoj,ezb,32
sln,qks,44
yjr,fuh,18
wgl,qfa,15
lwk,ojv,27
syb,kqr,21
nwc,ytt,18
zyv,fge,5
lng,iet,25
kue,vfl,3
wde,zhw,7
ukj,wgi,9
wtn,hwj,45
ehc,hnm,26
nzc,kaz,45
qkn,gxg,18
iys,fyz,36
xjm,oxj,4
sut,pcx,11
mqz,kyp,44
rhh,ucb,5
tco,ghk,41
ecj,vne,39
rxa,pgs,48
wno,atd,44
fhy,unl,21
zqf,yge,2
lgx,bfk,46
osq,wzr,14
rqh,gts,14
ahr,jnp,40
wms,roj,17
ild,qpc,9
oxi,txf,13
idg,frq,4
nui,hzn,46
smn,nfs,36
dln,pyh,49
zgl,ben,34
pbr,gvi,24
jlh,hmw,5
rbe,siz,4
xbf,cnk,45
kzc,abb,40
ldj,qoz,6
xwo,god,2
ymg,nkx,49
ehv,kvx,36
xjf,rsy,6
cga,nyq,46
alg,rmr,1
qrs,oje,42
vml,ukq,7
rfu,jbm,13
gns,odq,20
mhj,fnk,45
sga,wot,47
eof,rfc,14
zqo,cfb,43
cpy,urf,9
yjv,ljf,27
yqg,qdq,13
tpn,oky,31
bqc,wlw,47
ila,czb,38
tpm,yiv,30
vtc,sbj,31
laz,ngt,19
uch,iva,13
xwt,vnn,42
tra,ffb,33
nqp,suk,1
rjd,dit,6
xhm,oed,47
tju,vpr,38
iot,prl,3
zss,krz,22
tvv,ifv,39
qey,shc,20
riw,coj,13
pgu,xoa,31
klf,hsl,26
vxk,wpv,25
tza,zgc,18
nsh,fhk,25
ttu,grv,31
glk,kty,5
rsr,qyh,4
gnz,jxh,9
jnm,dxp,5
jgq,fpt,43
fif,siv,23
jsb,ijg,30
hdl,zmt,44
gjj,wwh,10
voy,peq,37
lbt,ocb,33
duh,bhm,33
qsx,yrf,47
cjm,epc,13
sxq,ffz,41
rpr,xcs,30
rsu,zve,45
luy,xjl,37
vsd,cnb,15
pep,nbh,34
